{
  "final_mean_auroc": 0.9461000993067075,
  "avg_incremental_auroc": 0.9272508709706349,
  "forgetting_rate": 0.009507952561775961,
  "forward_transfer": 0.9871481898762327,
  "per_category_final": {
    "bottle": 0.9984126984126984,
    "cable": 0.9332833583208396,
    "capsule": 0.8364579178300757,
    "carpet": 0.9642857142857143,
    "grid": 0.9557226399331662,
    "hazelnut": 0.9910714285714286,
    "leather": 0.845108695652174,
    "metal_nut": 0.9819159335288368,
    "pill": 0.9457174031642116,
    "screw": 0.8419758147161305,
    "tile": 0.9985569985569986,
    "toothbrush": 1.0,
    "transistor": 0.9041666666666667,
    "wood": 0.9956140350877193,
    "zipper": 0.9992121848739496
  },
  "num_tasks": 15,
  "num_categories": 15,
  "total_time_seconds": 346.4825744628906,
  "auroc_matrix": [
    [
      0.8198412698412698,
      NaN,
      NaN,
      NaN,
      NaN,
      NaN,
      NaN,
      NaN,
      NaN,
      NaN,
      NaN,
      NaN,
      NaN,
      NaN,
      NaN
    ],
    [
      0.830952380952381,
      0.9353448275862069,
      NaN,
      NaN,
      NaN,
      NaN,
      NaN,
      NaN,
      NaN,
      NaN,
      NaN,
      NaN,
      NaN,
      NaN,
      NaN
    ],
    [
      0.8468253968253968,
      0.940592203898051,
      0.93777423214998,
      NaN,
      NaN,
      NaN,
      NaN,
      NaN,
      NaN,
      NaN,
      NaN,
      NaN,
      NaN,
      NaN,
      NaN
    ],
    [
      0.876984126984127,
      0.9394677661169416,
      0.9341842840047866,
      0.9630818619582665,
      NaN,
      NaN,
      NaN,
      NaN,
      NaN,
      NaN,
      NaN,
      NaN,
      NaN,
      NaN,
      NaN
    ],
    [
      0.9079365079365079,
      0.9359070464767616,
      0.9301954527323494,
      0.9642857142857143,
      0.9573934837092731,
      NaN,
      NaN,
      NaN,
      NaN,
      NaN,
      NaN,
      NaN,
      NaN,
      NaN,
      NaN
    ],
    [
      0.9603174603174603,
      0.9321589205397302,
      0.9230155564419624,
      0.9642857142857143,
      0.9565580618212197,
      0.9889285714285714,
      NaN,
      NaN,
      NaN,
      NaN,
      NaN,
      NaN,
      NaN,
      NaN,
      NaN
    ],
    [
      0.9912698412698413,
      0.9360944527736131,
      0.9234144395692062,
      0.9642857142857143,
      0.9565580618212197,
      0.9889285714285714,
      0.8457880434782609,
      NaN,
      NaN,
      NaN,
      NaN,
      NaN,
      NaN,
      NaN,
      NaN
    ],
    [
      0.9928571428571429,
      0.9302848575712144,
      0.913841244515357,
      0.9642857142857143,
      0.9565580618212197,
      0.9892857142857142,
      0.8457880434782609,
      0.978494623655914,
      NaN,
      NaN,
      NaN,
      NaN,
      NaN,
      NaN,
      NaN
    ],
    [
      0.9936507936507937,
      0.9375937031484258,
      0.895492620662146,
      0.9642857142857143,
      0.9565580618212197,
      0.989642857142857,
      0.8457880434782609,
      0.9809384164222874,
      0.9487179487179488,
      NaN,
      NaN,
      NaN,
      NaN,
      NaN,
      NaN
    ],
    [
      0.9920634920634921,
      0.9370314842578712,
      0.8966892700438771,
      0.9642857142857143,
      0.9557226399331662,
      0.989642857142857,
      0.8328804347826086,
      0.9828934506353861,
      0.9476268412438625,
      0.8526337364213978,
      NaN,
      NaN,
      NaN,
      NaN,
      NaN
    ],
    [
      0.9912698412698413,
      0.9379685157421289,
      0.8695652173913043,
      0.9642857142857143,
      0.9557226399331662,
      0.99,
      0.8318614130434783,
      0.9824046920821115,
      0.9432624113475178,
      0.848329575732732,
      0.9985569985569986,
      NaN,
      NaN,
      NaN,
      NaN
    ],
    [
      0.992063492063492,
      0.9366566716641678,
      0.8424411647387315,
      0.9642857142857143,
      0.9557226399331662,
      0.99,
      0.8335597826086957,
      0.9819159335288368,
      0.9451718494271685,
      0.850994056159049,
      0.9985569985569986,
      1.0,
      NaN,
      NaN,
      NaN
    ],
    [
      0.9928571428571429,
      0.93928035982009,
      0.83047467092142,
      0.9642857142857143,
      0.9557226399331662,
      0.99,
      0.8338994565217391,
      0.9824046920821115,
      0.9451718494271685,
      0.8450502152080345,
      0.9985569985569986,
      1.0,
      0.91125,
      NaN,
      NaN
    ],
    [
      0.9936507936507937,
      0.9362818590704647,
      0.8332668528121261,
      0.9642857142857143,
      0.9557226399331662,
      0.9907142857142857,
      0.8345788043478262,
      0.9828934506353861,
      0.9459901800327332,
      0.8473047755687642,
      0.9985569985569986,
      1.0,
      0.9116666666666667,
      0.9956140350877193,
      NaN
    ],
    [
      0.9984126984126984,
      0.9332833583208396,
      0.8364579178300757,
      0.9642857142857143,
      0.9557226399331662,
      0.9910714285714286,
      0.845108695652174,
      0.9819159335288368,
      0.9457174031642116,
      0.8419758147161305,
      0.9985569985569986,
      1.0,
      0.9041666666666667,
      0.9956140350877193,
      0.9992121848739496
    ]
  ],
  "coreset_stats": {
    "total_categories": 15,
    "total_patches": 9990,
    "global_budget": 10000,
    "per_category": {
      "bottle": 666,
      "cable": 666,
      "capsule": 666,
      "carpet": 666,
      "grid": 666,
      "hazelnut": 666,
      "leather": 666,
      "metal_nut": 666,
      "pill": 666,
      "screw": 666,
      "tile": 666,
      "toothbrush": 666,
      "transistor": 666,
      "wood": 666,
      "zipper": 666
    },
    "tasks_seen": 15,
    "feature_dim": 1536
  }
}